from,to,weight
2,5,1.000000
0,1,1.000000
0,3,1.000000
3,4,1.000000
1,2,1.000000
1,4,1.000000
